{
    "openapi": "3.0.0",
    "info": {
        "title": "fabrikam-drone-delivery-package-service",
        "description": "Fabrikam Drone Delivery Package Service",
        "version": "0.1.0",
        "contact": "Microsoft Patterns and Practices",
        "termsOfService": ""
    },
    "basePath": "/api",
    "schemes": [
        "http",
        "https"
    ],
    "consumes": [
        "application/json"
    ],
    "produces": [
        "application/json"
    ],
    "paths": {
        "/packages/{packageId}": {
            "get": {
                "summary": "Get information about a specific package from the service",
                "description": "Returns package by id",
                "operationid": "getById",
                "parameters": [
                    {
                        "name": "packageId",
                        "description": "ID of package to return",
                        "in": "path",
                        "required": true,
                        "type": "string"
                    }
                ],
                "responses": {
                    "200": {
                        "description": "successful operation",
                        "schema": {
                            "$ref": "#/definitions/Package"
                        }
                    },
                    "400": {
                        "description": "Invalid ID supplied"
                    },
                    "404": {
                        "description": "Package not found"
                    }
                }
            },
            "patch": {
                "summary": "Update an existing package",
                "description": "Update Package by ID",
                "operationid": "updateById",
                "parameters": [
                    {
                        "name": "packageId",
                        "description": "ID of package to patch",
                        "in": "path",
                        "required": true,
                        "type": "string"
                    }
                ],
                "responses": {
                    "204": {
                        "description": "successful operation"
                    },
                    "400": {
                        "description": "invalid id supplied"
                    },
                    "404": {
                        "description": "package not found"
                    },
                    "405": {
                        "description": "Validation exception"
                    }
                }
            },
            "put": {
                "summary": "Create or update a package",
                "description": "Creates or updates a package using the data provided in the API",
                "operationid": "createOrUpdate",
                "parameters": [
                    {
                        "name": "packageId",
                        "description": "ID of package to patch",
                        "in": "path",
                        "required": true,
                        "type": "string"
                    }
                ],
                "responses": {
                    "201": {
                        "description": "Created new package",
                        "schema": {
                            "$ref": "#/definitions/Package"
                        }
                    },
                    "204": {
                        "description": "Updated existing package"
                    }
                }
            }
        },
        "/packages/summary/{ownerId}": {
            "get": {
                "summary": "Get summary information about packages from a user",
                "description": "Get summary information about packages from a user",
                "operationid": "getSummary",
                "parameters": [
                    {
                        "name": "ownerId",
                        "description": "ID of the package's owner",
                        "in": "path",
                        "required": true,
                        "type": "string"
                    },
                    {
                        "name": "year",
                        "description": "Year of the summary requested",
                        "in": "query",
                        "required": true,
                        "type": "integer"
                    },
                    {
                        "name": "month",
                        "description": "Month of the summary requested",
                        "in": "path",
                        "required": true,
                        "type": "integer"
                    }
                ],
                "responses": {
                    "201": {
                        "description": "successful operation",
                        "schema": {
                            "$ref": "#/definitions/PackageUtilization"
                        }
                    },
                    "400": {
                        "description": "Invalid ID, year, or month supplied"
                    }
                }
            }
        }
    },
    "definitions": {
        "Package": {
            "type": "object",
            "properties": {
                "id": {
                    "type": "string"
                },
                "size": {
                    "type": "string",
                    "enum": [
                        "small",
                        "medium",
                        "large"
                    ]
                },
                "weight": {
                    "type": "number"
                },
                "tag": {
                    "type": "string"
                }
            }
        },
        "PackageUtilization": {
            "type": "object",
            "properties": {
                "totalWeight": {
                    "type": "number"
                }
            }
        },
        "Error": {
            "type": "object",
            "properties": {
                "code": {
                    "type": "number"
                },
                "message": {
                    "type": "string"
                }
            }
        }
    },
    "components": {},
    "tags": []
}
