{
    "$schema": "https://schema.management.azure.com/schemas/2019-04-01/deploymentTemplate.json#",
    "contentVersion": "0.0.0.3",
    "parameters": {
        "resourceGroupName": {
            "type": "string"
        },
        "resourceGroupLocation": {
            "type": "string",
            "defaultValue": "eastus"
        }
    },
    "variables": {
        "deliveryIdName": "dev-d",
        "workflowIdName": "dev-wf",
        "droneSchedulerIdName": "dev-ds",
        "acrResourceGroupName": "[concat(parameters('resourceGroupName'),'-acr')]"
    },
    "resources": [
        {
            "name": "[parameters('resourceGroupName')]",
            "location": "[parameters('resourceGroupLocation')]",
            "type": "Microsoft.Resources/resourceGroups",
            "apiVersion": "2018-05-01",
            "tags": {
                "displayName": "Resource Group for general purpose"
            }
        },
        {
            "name": "[variables('acrResourceGroupName')]",
            "type": "Microsoft.Resources/resourceGroups",
            "apiVersion": "2018-05-01",
            "location": "[parameters('resourceGroupLocation')]",
            "tags": {
                "displayName": "Container Registry Resource Group"
            }
        },
        {
            "type": "Microsoft.Resources/deployments",
            "apiVersion": "2018-05-01",
            "name": "workload-stamp-prereqs-dep",
            "resourceGroup": "[parameters('resourceGroupName')]",
            "dependsOn": [
                "[resourceId('Microsoft.Resources/resourceGroups/', parameters('resourceGroupName'))]"
            ],
            "properties": {
                "mode": "Incremental",
                "template": {
                    "$schema": "https://schema.management.azure.com/schemas/2015-01-01/deploymentTemplate.json#",
                    "contentVersion": "1.0.0.0",
                    "resources": [
                        {
                            "type": "Microsoft.ManagedIdentity/userAssignedIdentities",
                            "name": "[variables('workflowIdName')]",
                            "apiVersion": "2015-08-31-preview",
                            "location": "[parameters('resourceGroupLocation')]",
                            "tags": {
                                "displayName": "workflow managed identity",
                                "what": "rbac",
                                "reason": "aad-pod-identity",
                                "app": "fabrikam-workflow"
                            }
                        },
                        {
                            "type": "Microsoft.ManagedIdentity/userAssignedIdentities",
                            "name": "[variables('deliveryIdName')]",
                            "apiVersion": "2015-08-31-preview",
                            "location": "[parameters('resourceGroupLocation')]",
                            "tags": {
                                "displayName": "delivery managed identity",
                                "what": "rbac",
                                "reason": "aad-pod-identity",
                                "app": "fabrikam-delivery"
                            }
                        },
                        {
                            "type": "Microsoft.ManagedIdentity/userAssignedIdentities",
                            "name": "[variables('droneSchedulerIdName')]",
                            "apiVersion": "2015-08-31-preview",
                            "location": "[parameters('resourceGroupLocation')]",
                            "tags": {
                                "displayName": "dronescheduler managed identity",
                                "what": "rbac",
                                "reason": "aad-pod-identity",
                                "app": "fabrikam-dronescheduler"
                            }
                        }
                    ],
                    "outputs": {
                        "deliveryIdName": {
                            "value": "[variables('deliveryIdName')]",
                            "type": "string"
                        },
                        "droneSchedulerIdName": {
                            "value": "[variables('droneSchedulerIdName')]",
                            "type": "string"
                        },
                        "workflowIdName": {
                            "value": "[variables('workflowIdName')]",
                            "type": "string"
                        }
                    }
                }
            }
        }
    ],
    "outputs": {
        "acrResourceGroupName": {
            "value": "[variables('acrResourceGroupName')]",
            "type": "string"
        }
    }
}
